{"cameraMode":{"drawMode":0,"name":"Shaded","section":"Shading Mode"},"sceneLighting":false,"audioPlay":false,"sceneViewState":{"showFog":true,"showMaterialUpdate":false,"showSkybox":true,"showFlares":true,"showImageEffects":true,"showParticleSystems":true},"in2DMode":false,"pivot":{"x":-5.701500415802002,"y":-0.03267013281583786,"z":3.9056031703948976},"rotation":{"x":-0.21785639226436616,"y":0.312998503446579,"z":-0.07319609820842743,"w":-0.9215274453163147},"size":15.344635963439942,"orthographic":false}